{
    "balanced_threshold": 0.5056405067443848,
    "high_sensitivity_threshold": 0.187821626663208
}